DATE,MONTH,DISTANCE_KM,DURATION_MIN,AVG_PACE_MIN_PER_KM,AVG_HR,MAX_HR,VO2MAX,TRAINING_LOAD,TRAINING_EFFECT_LABEL,CALORIES,AVG_CADENCE_SPM,AVG_STRIDE_LENGTH_CM,ELEVATION_GAIN_M
2026-01-02,January,5.09,25.5,5.02,171.0,190.0,50.0,130.2,LACTATE_THRESHOLD,1693,156,126.1,21.0
2026-01-04,January,9.53,47.8,5.02,176.0,192.0,50.0,232.6,VO2MAX,3218,162,122.6,33.0
2026-01-05,January,5.4,35.1,6.49,147.0,163.0,50.0,55.6,AEROBIC_BASE,1848,154,99.7,15.0
2026-01-07,January,8.42,44.5,5.28,172.0,192.0,50.0,187.1,VO2MAX,2866,156,119.6,21.0
2026-01-09,January,5.26,32.2,6.12,145.0,162.0,50.0,57.5,AEROBIC_BASE,1743,150,106.9,25.0
2026-01-10,January,16.39,86.6,5.29,175.0,192.0,50.0,305.0,VO2MAX,5669,156,120.5,118.0
2026-01-12,January,6.01,37.9,6.31,151.0,161.0,50.0,67.6,AEROBIC_BASE,2070,152,103.3,19.0
2026-01-15,January,10.41,53.5,5.14,171.0,198.0,50.0,254.8,VO2MAX,3457,156,123.4,24.0
2026-01-16,January,6.44,37.3,5.8,153.0,167.0,50.0,106.4,AEROBIC_BASE,2116,152,111.1,16.0
2026-01-17,January,19.08,103.1,5.4,151.0,180.0,50.0,230.7,AEROBIC_BASE,6101,154,118.4,198.0
2026-01-19,January,7.76,45.9,5.91,149.0,162.0,51.0,85.2,AEROBIC_BASE,2564,154,108.4,22.0
2026-01-20,January,8.99,50.7,5.64,148.0,175.0,52.0,132.8,VO2MAX,2879,146,119.1,21.0
2026-01-22,January,7.94,46.0,5.8,150.0,165.0,52.0,85.1,AEROBIC_BASE,2610,154,111.3,24.0
2026-01-25,January,23.02,129.5,5.62,155.0,183.0,52.0,212.4,TEMPO,7580,154,113.9,120.0
2026-01-26,January,7.1,44.4,6.26,142.0,154.0,52.0,59.4,AEROBIC_BASE,2367,150,105.2,18.0
2026-01-28,January,7.97,40.4,5.07,165.0,189.0,52.0,156.2,TEMPO,2652,156,125.2,61.0
2026-01-30,January,7.23,37.9,5.25,157.0,181.0,52.0,109.7,TEMPO,2346,156,121.7,60.0
2026-02-01,February,12.34,68.3,5.53,151.0,177.0,52.0,182.6,TEMPO,4165,152,118.2,83.0
2026-02-02,February,6.93,37.0,5.34,150.0,163.0,52.0,106.3,AEROBIC_BASE,2204,154,120.2,41.0
2026-02-03,February,11.9,61.3,5.16,165.0,192.0,52.0,237.7,VO2MAX,3968,160,120.2,31.0
2026-02-05,February,7.87,42.7,5.42,159.0,180.0,52.0,112.1,TEMPO,2656,154,118.1,92.0
2026-02-06,February,26.1,138.7,5.31,164.0,193.0,52.0,310.9,LACTATE_THRESHOLD,8644,156,119.2,107.0
2026-02-09,February,8.01,46.1,5.76,145.0,171.0,52.0,77.2,AEROBIC_BASE,2610,154,111.2,32.0
2026-02-11,February,9.64,50.5,5.23,155.0,184.0,53.0,145.3,TEMPO,3122,156,121.0,83.0
2026-02-12,February,6.09,33.9,5.57,142.0,167.0,53.0,82.7,AEROBIC_BASE,1923,154,113.7,28.0
2026-02-14,February,29.01,159.0,5.48,162.0,192.0,53.0,318.2,LACTATE_THRESHOLD,9817,156,115.1,317.0
2026-02-16,February,8.05,46.5,5.78,145.0,155.0,53.0,77.1,AEROBIC_BASE,2640,154,110.7,29.0
2026-02-18,February,8.35,48.9,5.85,147.0,184.0,53.0,142.3,VO2MAX,2728,144,117.4,35.0
2026-02-19,February,6.05,32.8,5.42,144.0,171.0,53.0,89.7,AEROBIC_BASE,1915,154,117.6,25.0
2026-02-21,February,32.04,175.7,5.49,166.0,189.0,53.0,347.9,VO2MAX,10986,158,114.1,201.0
2026-02-22,February,5.16,30.9,5.98,146.0,162.0,53.0,54.7,AEROBIC_BASE,1747,154,107.3,22.0
2026-02-24,February,9.59,57.4,5.98,142.0,151.0,53.0,74.2,AEROBIC_BASE,3134,154,107.2,22.0
2026-02-26,February,8.35,49.0,5.87,145.0,156.0,53.0,73.2,AEROBIC_BASE,2744,154,109.0,24.0
2026-02-27,February,14.38,75.7,5.26,151.0,173.0,53.0,162.2,AEROBIC_BASE,4638,156,120.1,25.0
2026-03-02,March,9.63,54.7,5.67,142.0,157.0,53.0,88.7,AEROBIC_BASE,3143,154,112.9,21.0
2026-03-03,March,22.42,113.4,5.06,164.0,181.0,53.0,305.5,LACTATE_THRESHOLD,7387,158,124.6,118.0
2026-03-07,March,6.01,33.4,5.56,157.0,184.0,53.0,96.2,TEMPO,2091,154,116.1,28.0
2026-03-09,March,9.0,47.8,5.31,166.0,192.0,53.0,191.4,LACTATE_THRESHOLD,3189,158,119.5,90.0
2026-03-10,March,10.94,56.7,5.18,160.0,192.0,53.0,202.4,VO2MAX,3587,160,120.0,18.0
2026-03-13,March,8.01,47.6,5.95,143.0,153.0,53.0,66.8,AEROBIC_BASE,2648,154,108.0,20.0
2026-03-14,March,31.73,175.2,5.52,162.0,194.0,53.0,327.1,VO2MAX,10588,156,114.5,238.0
2026-03-16,March,10.01,59.4,5.94,141.0,151.0,53.0,78.4,AEROBIC_BASE,3243,154,108.4,45.0
2026-03-17,March,9.76,59.0,6.05,144.0,195.0,53.0,178.4,VO2MAX,3226,140,121.9,22.0
2026-03-19,March,13.08,67.0,5.12,160.0,184.0,53.0,198.2,VO2MAX,4316,158,122.2,22.0
2026-03-20,March,4.82,28.1,5.83,141.0,159.0,53.0,50.1,RECOVERY,1575,152,111.1,16.0
2026-03-21,March,30.88,168.0,5.44,154.0,187.0,53.0,285.8,TEMPO,10257,158,115.1,261.0
2026-03-23,March,10.13,61.0,6.02,138.0,168.0,53.0,90.5,AEROBIC_BASE,3239,154,105.7,30.0
2026-03-25,March,10.76,56.6,5.26,161.0,198.0,53.0,257.3,VO2MAX,3582,158,118.9,24.0
2026-03-26,March,10.05,60.0,5.97,137.0,154.0,53.0,73.4,AEROBIC_BASE,3231,154,107.3,22.0
2026-03-28,March,35.01,185.0,5.29,161.0,188.0,53.0,416.0,VO2MAX,11900,160,117.0,235.0
2026-03-30,March,8.39,48.9,5.83,140.0,167.0,54.0,101.3,TEMPO,2694,146,115.7,28.0
2026-03-31,March,13.03,79.9,6.13,139.0,150.0,53.0,82.5,AEROBIC_BASE,4224,156,103.9,41.0
2026-04-01,April,14.0,72.8,5.2,148.0,175.0,54.0,159.1,AEROBIC_BASE,4429,158,120.7,102.0
2026-04-05,April,8.0,43.4,5.43,153.0,174.0,53.0,108.6,AEROBIC_BASE,2711,158,114.5,57.0
2026-04-08,April,9.89,55.6,5.62,128.0,147.0,53.0,61.7,AEROBIC_BASE,2933,154,114.1,32.0
2026-04-09,April,8.36,46.4,5.55,152.0,178.0,53.0,115.9,TEMPO,2782,150,118.2,20.0
2026-04-10,April,10.33,62.3,6.03,148.0,173.0,53.0,108.2,AEROBIC_BASE,3494,148,110.1,41.0
2026-04-11,April,29.52,146.2,4.95,162.0,189.0,53.0,341.4,VO2MAX,9536,160,121.6,159.0
2026-04-13,April,8.26,50.1,6.06,134.0,170.0,54.0,96.8,TEMPO,2669,140,121.3,36.0
2026-04-15,April,10.21,59.3,5.81,145.0,161.0,54.0,85.4,AEROBIC_BASE,3394,154,110.6,28.0
2026-04-16,April,8.35,42.0,5.04,154.0,172.0,54.0,124.0,AEROBIC_BASE,2732,156,126.3,23.0
2026-04-18,April,18.22,94.4,5.18,164.0,189.0,54.0,260.2,LACTATE_THRESHOLD,6201,158,120.8,124.0
2026-04-20,April,5.94,34.9,5.87,145.0,157.0,54.0,60.6,AEROBIC_BASE,2003,156,108.6,22.0
2026-04-21,April,7.07,39.4,5.57,151.0,174.0,54.0,105.3,TEMPO,2413,148,119.4,19.0
2026-04-24,April,5.21,28.5,5.48,150.0,164.0,54.0,82.8,AEROBIC_BASE,1714,154,116.0,19.0
2026-04-26,April,42.68,223.5,5.24,171.0,187.0,53.0,488.2,VO2MAX,14632,164,116.5,353.0
